id,first_name,last_name,email,gender
1,Mack,Oliphand,moliphand0@wordpress.com,Male
2,Allistir,Latan,alatan1@ezinearticles.com,Male
3,Arch,Zapater,azapater2@unesco.org,Male
4,Sharity,Burkart,sburkart3@posterous.com,Female
5,Thomas,Tenwick,ttenwick4@goo.gl,Male
6,Aland,Gethouse,agethouse5@nyu.edu,Male
7,Salome,Puckrin,spuckrin6@goo.ne.jp,Female
8,Vernon,Rawstorn,vrawstorn7@fastcompany.com,Male
9,Yehudit,O'Dulchonta,yodulchonta8@google.co.uk,Male
10,Jdavie,Titchener,jtitchener9@yahoo.com,Male
11,Abe,Mariel,amariela@csmonitor.com,Male
12,Dulcinea,Pettegre,dpettegreb@dailymail.co.uk,Female
13,Gilligan,Beckers,gbeckersc@nasa.gov,Female
14,Ulick,Iggo,uiggod@friendfeed.com,Male
15,Paxton,Vella,pvellae@theguardian.com,Male
16,Sansone,Keppy,skeppyf@pbs.org,Male
17,Guntar,Langstrath,glangstrathg@artisteer.com,Male
18,Saloma,Aggio,saggioh@pcworld.com,Female
19,Nicolis,Hightown,nhightowni@unesco.org,Male
20,Miran,Basili,mbasilij@indiatimes.com,Female
21,Sheeree,Leahair,sleahairk@diigo.com,Female
22,Pamella,Murby,pmurbyl@soup.io,Female
23,Cort,Offord,coffordm@utexas.edu,Male
24,Virginie,Dunlap,vdunlapn@is.gd,Female
25,Shell,Desaur,sdesauro@biglobe.ne.jp,Male
26,Dolley,Dufore,dduforep@ezinearticles.com,Female
27,Valeda,Heliar,vheliarq@engadget.com,Female
28,Sidnee,Somes,ssomesr@about.me,Male
29,Terrill,Durrell,tdurrells@altervista.org,Male
30,Julia,Eastcott,jeastcottt@xing.com,Female
31,Casar,Rizzetti,crizzettiu@goo.ne.jp,Male
32,Patton,Peel,ppeelv@fda.gov,Male
33,Jorgan,Pyper,jpyperw@chronoengine.com,Male
34,Weylin,Sandlin,wsandlinx@vistaprint.com,Male
35,Louis,Chorlton,lchorltony@yellowpages.com,Male
36,Kipper,MacPaik,kmacpaikz@exblog.jp,Male
37,Wayland,Odom,wodom10@comsenz.com,Male
38,Marcelle,Richings,mrichings11@surveymonkey.com,Female
39,Manfred,Sings,msings12@wp.com,Male
40,Frank,Brotherwood,fbrotherwood13@nymag.com,Male
41,Lilias,Hayne,lhayne14@mail.ru,Female
42,Nester,Meaker,nmeaker15@thetimes.co.uk,Male
43,Padraig,Revance,prevance16@flavors.me,Male
44,Katrina,Pinkney,kpinkney17@1und1.de,Female
45,Natal,Garvie,ngarvie18@wunderground.com,Male
46,Wilton,Hasard,whasard19@who.int,Male
47,Adan,Brookton,abrookton1a@alexa.com,Female
48,Durant,Candie,dcandie1b@salon.com,Male
49,Drona,Hanbury-Brown,dhanburybrown1c@bigcartel.com,Female
50,Melly,Atterbury,matterbury1d@seattletimes.com,Female
51,Leonid,Houselee,lhouselee1e@ihg.com,Male
52,Daile,O'Sesnane,dosesnane1f@uiuc.edu,Female
53,Sigismondo,Marousek,smarousek1g@icio.us,Male
54,Sarita,Aymerich,saymerich1h@people.com.cn,Female
55,Dav,Dolphin,ddolphin1i@ebay.com,Male
56,Vaughn,Murdie,vmurdie1j@altervista.org,Male
57,Dael,Willoughway,dwilloughway1k@home.pl,Female
58,Blondy,Macci,bmacci1l@kickstarter.com,Female
59,Asa,Burgwin,aburgwin1m@dyndns.org,Male
60,Royal,Avery,ravery1n@yellowpages.com,Male
61,Franni,Ledeker,fledeker1o@netvibes.com,Female
62,Bengt,Vinick,bvinick1p@gnu.org,Male
63,Ogdon,Thewlis,othewlis1q@bing.com,Male
64,Waylin,Spiteri,wspiteri1r@pagesperso-orange.fr,Male
65,Julietta,Cathel,jcathel1s@discovery.com,Female
66,Joyan,Daffey,jdaffey1t@bluehost.com,Female
67,Josie,Stiffkins,jstiffkins1u@sogou.com,Female
68,Edsel,Iannini,eiannini1v@skyrock.com,Male
69,Eleanora,Kuscha,ekuscha1w@nbcnews.com,Female
70,Benyamin,Shercliff,bshercliff1x@sohu.com,Male
71,Caresa,Shepton,cshepton1y@xinhuanet.com,Female
72,Grove,Middler,gmiddler1z@parallels.com,Male
73,Kelsey,Brownlow,kbrownlow20@pbs.org,Male
74,Ryan,Bidgod,rbidgod21@cmu.edu,Male
75,Fredericka,Dorbin,fdorbin22@joomla.org,Female
76,Gilberto,Longina,glongina23@gnu.org,Male
77,Cinda,Michel,cmichel24@nationalgeographic.com,Female
78,Loutitia,Todhunter,ltodhunter25@angelfire.com,Female
79,Tiffi,Aaron,taaron26@clickbank.net,Female
80,Jammie,Birnie,jbirnie27@kickstarter.com,Female
81,Charlene,Cornfoot,ccornfoot28@google.co.uk,Female
82,Suzanna,Comelini,scomelini29@digg.com,Female
83,Abbe,Coushe,acoushe2a@businesswire.com,Male
84,Arvie,Pudan,apudan2b@irs.gov,Male
85,Normand,Eddowes,neddowes2c@chronoengine.com,Male
86,Benny,Dagnan,bdagnan2d@devhub.com,Male
87,Yorgos,Plunket,yplunket2e@marketwatch.com,Male
88,Kynthia,Feely,kfeely2f@ning.com,Female
89,Sianna,Geffe,sgeffe2g@psu.edu,Female
90,Nickey,Quakley,nquakley2h@wufoo.com,Male
91,Bale,Giddens,bgiddens2i@mozilla.com,Male
92,Elvina,Shawdforth,eshawdforth2j@free.fr,Female
93,Lavena,Gawthorpe,lgawthorpe2k@tiny.cc,Female
94,Luelle,Dinsell,ldinsell2l@youku.com,Female
95,Siegfried,Note,snote2m@icq.com,Male
96,Jeffie,Deeming,jdeeming2n@nydailynews.com,Male
97,Bobby,Ruse,bruse2o@goo.ne.jp,Male
98,Rooney,Manass,rmanass2p@ask.com,Male
99,Ilse,Boseley,iboseley2q@google.com,Female
100,Papageno,Jessop,pjessop2r@cyberchimps.com,Male
101,Boony,Alldread,balldread2s@is.gd,Male
102,Hertha,Monelle,hmonelle2t@phpbb.com,Female
103,Darell,Capeling,dcapeling2u@independent.co.uk,Female
104,Catriona,Jecock,cjecock2v@ebay.com,Female
105,Carrie,Cocking,ccocking2w@about.me,Female
106,Gabrielle,Figger,gfigger2x@comcast.net,Female
107,Vernen,Perell,vperell2y@bandcamp.com,Male
108,Athene,Papierz,apapierz2z@moonfruit.com,Female
109,Benedict,Probert,bprobert30@taobao.com,Male
110,Ferdy,Rounsefull,frounsefull31@imageshack.us,Male
111,Robbie,Bosch,rbosch32@seattletimes.com,Female
112,Neilla,Scarborough,nscarborough33@auda.org.au,Female
113,Cicely,Lane,clane34@google.com.au,Female
114,Jamaal,Sach,jsach35@alibaba.com,Male
115,Shara,Maddocks,smaddocks36@etsy.com,Female
116,Gregg,Culross,gculross37@weather.com,Male
117,Peggi,Renbold,prenbold38@ezinearticles.com,Female
118,Sheff,Cheal,scheal39@woothemes.com,Male
119,Monro,Meigh,mmeigh3a@scribd.com,Male
120,Flori,Kruger,fkruger3b@ifeng.com,Female
121,Leisha,Gook,lgook3c@nymag.com,Female
122,Andrew,Reveley,areveley3d@twitpic.com,Male
123,Daniela,Guisby,dguisby3e@ask.com,Female
124,Bren,Attkins,battkins3f@storify.com,Female
125,Gerick,Choak,gchoak3g@engadget.com,Male
126,Danella,Jakov,djakov3h@columbia.edu,Female
127,Vin,Bellow,vbellow3i@discovery.com,Male
128,Whit,Siaspinski,wsiaspinski3j@webs.com,Male
129,Susanetta,Vokes,svokes3k@wufoo.com,Female
130,Julie,Brando,jbrando3l@dell.com,Male
131,Aldus,Bachshell,abachshell3m@disqus.com,Male
132,Nadya,Robens,nrobens3n@comcast.net,Female
133,Jermayne,Ruegg,jruegg3o@fastcompany.com,Male
134,Fernandina,Martinson,fmartinson3p@posterous.com,Female
135,Timoteo,Whear,twhear3q@wired.com,Male
136,Matty,Brimblecomb,mbrimblecomb3r@ocn.ne.jp,Female
137,Janessa,McJury,jmcjury3s@skype.com,Female
138,Gallagher,Lynd,glynd3t@theglobeandmail.com,Male
139,Brenden,Peter,bpeter3u@ox.ac.uk,Male
140,Dannie,Larking,dlarking3v@mac.com,Female
141,Yuma,Skeeles,yskeeles3w@scribd.com,Male
142,Agnola,Devanney,adevanney3x@hhs.gov,Female
143,Agnola,Costain,acostain3y@paginegialle.it,Female
144,Georgie,Raddish,graddish3z@yolasite.com,Female
145,Dillie,Shinner,dshinner40@squidoo.com,Male
146,Dominick,Rosson,drosson41@ask.com,Male
147,Petr,Wickens,pwickens42@ibm.com,Male
148,Elga,Briddle,ebriddle43@ustream.tv,Female
149,Cherianne,Dugget,cdugget44@amazon.de,Female
150,Mela,Dennidge,mdennidge45@gizmodo.com,Female
151,Leontine,Winslet,lwinslet46@dailymail.co.uk,Female
152,Hadlee,Himsworth,hhimsworth47@csmonitor.com,Male
153,Alverta,Hawthorn,ahawthorn48@accuweather.com,Female
154,Corine,Precious,cprecious49@about.com,Female
155,Alexandr,Verdy,averdy4a@intel.com,Male
156,Seward,Tomicki,stomicki4b@zimbio.com,Male
157,Anette,Talbot,atalbot4c@twitter.com,Female
158,Fionna,Tales,ftales4d@wikispaces.com,Female
159,Lindie,Jobey,ljobey4e@imgur.com,Female
160,Thebault,Brayshay,tbrayshay4f@ustream.tv,Male
161,Marnie,Crolly,mcrolly4g@eepurl.com,Female
162,Christophe,Suddock,csuddock4h@usatoday.com,Male
163,Marlo,Scadden,mscadden4i@slideshare.net,Female
164,Madge,Pandey,mpandey4j@adobe.com,Female
165,Alix,Cometti,acometti4k@unblog.fr,Female
166,Frances,Piggens,fpiggens4l@yolasite.com,Female
167,Daria,Howgill,dhowgill4m@google.de,Female
168,Aliza,MacKaig,amackaig4n@about.com,Female
169,Gloria,Comfort,gcomfort4o@soup.io,Female
170,Margarete,Casajuana,mcasajuana4p@so-net.ne.jp,Female
171,Vikky,Fearon,vfearon4q@cmu.edu,Female
172,Zahara,Crowd,zcrowd4r@purevolume.com,Female
173,Collin,Lorroway,clorroway4s@illinois.edu,Male
174,Johnette,Lewry,jlewry4t@youtu.be,Female
175,Benyamin,Atherley,batherley4u@bluehost.com,Male
176,Fons,Dauney,fdauney4v@acquirethisname.com,Male
177,Gloriane,Mozzi,gmozzi4w@jimdo.com,Female
178,Araldo,Dall,adall4x@creativecommons.org,Male
179,Antonella,Huie,ahuie4y@wired.com,Female
180,Alfreda,Taaffe,ataaffe4z@surveymonkey.com,Female
181,Gallagher,Caraher,gcaraher50@storify.com,Male
182,Manny,Palley,mpalley51@oakley.com,Male
183,Germaine,Stanfield,gstanfield52@nymag.com,Female
184,Leopold,Hayers,lhayers53@cpanel.net,Male
185,Juliet,Duffit,jduffit54@devhub.com,Female
186,Andres,Yeates,ayeates55@yolasite.com,Male
187,Kathy,Josse,kjosse56@google.co.uk,Female
188,Simonne,Duffell,sduffell57@walmart.com,Female
189,Nikolai,Roddick,nroddick58@alibaba.com,Male
190,Ernestus,Shakesby,eshakesby59@github.io,Male
191,Alfonse,Winwood,awinwood5a@google.co.uk,Male
192,Dane,Spatarul,dspatarul5b@earthlink.net,Male
193,Carlie,Heinemann,cheinemann5c@usgs.gov,Male
194,Cinderella,Usborn,cusborn5d@redcross.org,Female
195,Kaiser,Martinets,kmartinets5e@eepurl.com,Male
196,Sheela,Fredy,sfredy5f@yelp.com,Female
197,Hatti,Woodcock,hwoodcock5g@vimeo.com,Female
198,Maryrose,Gameson,mgameson5h@apple.com,Female
199,Yolanthe,Eveling,yeveling5i@gmpg.org,Female
200,Gilly,Sarath,gsarath5j@is.gd,Female
201,Darrell,Snoday,dsnoday5k@sun.com,Male
202,Catrina,Allward,callward5l@oracle.com,Female
203,Winna,Titterrell,wtitterrell5m@taobao.com,Female
204,Fredrika,O'Corrigane,focorrigane5n@cornell.edu,Female
205,Heda,Castelyn,hcastelyn5o@netvibes.com,Female
206,Kimberley,Drivers,kdrivers5p@desdev.cn,Female
207,Israel,Robertazzi,irobertazzi5q@timesonline.co.uk,Male
208,Paloma,McDougle,pmcdougle5r@icq.com,Female
209,Aarika,Mesias,amesias5s@bluehost.com,Female
210,Henryetta,Airs,hairs5t@tripadvisor.com,Female
211,Jehu,Adlem,jadlem5u@goo.gl,Male
212,Rubetta,Phittiplace,rphittiplace5v@mac.com,Female
213,Kelbee,Billows,kbillows5w@theguardian.com,Male
214,Hort,Muller,hmuller5x@arizona.edu,Male
215,Westleigh,Sleigh,wsleigh5y@amazon.de,Male
216,Conney,Askie,caskie5z@eventbrite.com,Male
217,Quinta,Dain,qdain60@sphinn.com,Female
218,Alexandre,Jobb,ajobb61@disqus.com,Male
219,Emmie,MacAne,emacane62@bandcamp.com,Female
220,Angelico,Oley,aoley63@opensource.org,Male
221,Lynda,Theobald,ltheobald64@google.it,Female
222,Amby,Rosenfelder,arosenfelder65@ask.com,Male
223,Angeline,Normanvell,anormanvell66@youku.com,Female
224,Efren,Santorini,esantorini67@purevolume.com,Male
225,Alvina,Kadwallider,akadwallider68@elpais.com,Female
226,Carey,Littlemore,clittlemore69@dot.gov,Male
227,Ezechiel,Corbet,ecorbet6a@t.co,Male
228,Ruben,Thiese,rthiese6b@tumblr.com,Male
229,Will,Karys,wkarys6c@webmd.com,Male
230,Sapphira,Basterfield,sbasterfield6d@dropbox.com,Female
231,Lidia,Feldhorn,lfeldhorn6e@samsung.com,Female
232,Antonino,Mettetal,amettetal6f@dion.ne.jp,Male
233,Archer,Monnelly,amonnelly6g@ycombinator.com,Male
234,Judon,Fee,jfee6h@flavors.me,Male
235,Thorstein,Harriskine,tharriskine6i@opensource.org,Male
236,Dick,Chatfield,dchatfield6j@noaa.gov,Male
237,Tracey,Rodie,trodie6k@forbes.com,Male
238,Hughie,McKeachie,hmckeachie6l@ft.com,Male
239,Eustacia,Robottham,erobottham6m@alibaba.com,Female
240,Timi,McCaffrey,tmccaffrey6n@arizona.edu,Female
241,Charlton,Symper,csymper6o@theglobeandmail.com,Male
242,Mildred,Lampert,mlampert6p@businesswire.com,Female
243,Lydie,Oguz,loguz6q@amazonaws.com,Female
244,Glynda,Greest,ggreest6r@acquirethisname.com,Female
245,Shannon,McSaul,smcsaul6s@blogs.com,Male
246,Konstantine,Cawdell,kcawdell6t@mac.com,Male
247,Ronna,Wanden,rwanden6u@meetup.com,Female
248,Effie,Priscott,epriscott6v@list-manage.com,Female
249,Dannie,Illsley,dillsley6w@patch.com,Female
250,Giacinta,Ofener,gofener6x@google.nl,Female
251,Walton,Mattin,wmattin6y@bloomberg.com,Male
252,Gran,Charlewood,gcharlewood6z@trellian.com,Male
253,Pedro,Locks,plocks70@shutterfly.com,Male
254,Jacinthe,Kepling,jkepling71@example.com,Female
255,Karoly,Matieu,kmatieu72@surveymonkey.com,Male
256,Jorey,Harragin,jharragin73@reuters.com,Female
257,Marti,Trevaskus,mtrevaskus74@seesaa.net,Female
258,Sonnnie,Pattison,spattison75@apple.com,Female
259,Ave,Cosgrive,acosgrive76@oracle.com,Male
260,Lora,Feak,lfeak77@smugmug.com,Female
261,Corrine,Geane,cgeane78@lulu.com,Female
262,Elwood,Danzig,edanzig79@hao123.com,Male
263,Matias,Evelyn,mevelyn7a@csmonitor.com,Male
264,Erin,Leeming,eleeming7b@wikimedia.org,Male
265,Dick,Falconer-Taylor,dfalconertaylor7c@webs.com,Male
266,Ellyn,Grolmann,egrolmann7d@networkadvertising.org,Female
267,Jen,Phidgin,jphidgin7e@oracle.com,Female
268,Elise,Billany,ebillany7f@bluehost.com,Female
269,Silvanus,Wolledge,swolledge7g@quantcast.com,Male
270,Portia,Wapple,pwapple7h@zimbio.com,Female
271,Luciano,Turfin,lturfin7i@typepad.com,Male
272,Brennen,Wilstead,bwilstead7j@wikispaces.com,Male
273,Leeann,Fidgett,lfidgett7k@merriam-webster.com,Female
274,Reeta,Huckerby,rhuckerby7l@cafepress.com,Female
275,Courtnay,McCaskill,cmccaskill7m@behance.net,Female
276,Agustin,Chisnall,achisnall7n@statcounter.com,Male
277,Clemmy,Mallon,cmallon7o@toplist.cz,Female
278,Frants,Foch,ffoch7p@slate.com,Male
279,Krishnah,Allwood,kallwood7q@sakura.ne.jp,Male
280,Orlando,Hutson,ohutson7r@mapquest.com,Male
281,Vern,Egginton,vegginton7s@ted.com,Male
282,Eddy,Menere,emenere7t@dyndns.org,Male
283,Fax,Brislawn,fbrislawn7u@google.de,Male
284,Rockey,Nunan,rnunan7v@dell.com,Male
285,Neala,Penny,npenny7w@nytimes.com,Female
286,Dody,Jillett,djillett7x@flavors.me,Female
287,Lotta,Schulze,lschulze7y@prlog.org,Female
288,Elset,Bercher,ebercher7z@webnode.com,Female
289,Neilla,Van de Vlies,nvandevlies80@intel.com,Female
290,Lelah,Kingaby,lkingaby81@creativecommons.org,Female
291,Malynda,O'Sheils,mosheils82@google.nl,Female
292,Perla,Ivashnikov,pivashnikov83@oakley.com,Female
293,Linnell,Doggerell,ldoggerell84@latimes.com,Female
294,Korrie,Milward,kmilward85@phoca.cz,Female
295,Garry,Nund,gnund86@seattletimes.com,Male
296,Giana,Ouldcott,gouldcott87@youku.com,Female
297,Inesita,Cullum,icullum88@hexun.com,Female
298,Kitti,Disman,kdisman89@wiley.com,Female
299,Linea,Sharer,lsharer8a@yandex.ru,Female
300,Dwain,Egglestone,degglestone8b@huffingtonpost.com,Male
301,Ebeneser,Wildblood,ewildblood8c@youtu.be,Male
302,Gannon,Sumpner,gsumpner8d@fda.gov,Male
303,Hillary,Langrick,hlangrick8e@freewebs.com,Male
304,Elisabetta,Wheldon,ewheldon8f@dell.com,Female
305,Darby,Stennet,dstennet8g@gov.uk,Male
306,Jeana,Jamrowicz,jjamrowicz8h@bandcamp.com,Female
307,Emmanuel,Coils,ecoils8i@oakley.com,Male
308,Concordia,Cowlin,ccowlin8j@google.it,Female
309,Linnet,Edwards,ledwards8k@dell.com,Female
310,Lucas,Wellington,lwellington8l@paypal.com,Male
311,Marve,Wynrehame,mwynrehame8m@over-blog.com,Male
312,Cross,Tungay,ctungay8n@paypal.com,Male
313,Inez,Croasdale,icroasdale8o@ft.com,Female
314,Cordy,Silk,csilk8p@about.com,Female
315,Luca,Franke,lfranke8q@washington.edu,Male
316,Cordy,Reuven,creuven8r@ameblo.jp,Female
317,Berna,Lerhinan,blerhinan8s@dailymotion.com,Female
318,Joana,Bjorkan,jbjorkan8t@w3.org,Female
319,Hammad,Zarfat,hzarfat8u@bbb.org,Male
320,Dav,Nys,dnys8v@nationalgeographic.com,Male
321,Juan,Phillp,jphillp8w@house.gov,Male
322,Gianna,Berryann,gberryann8x@imageshack.us,Female
323,Schuyler,Chinn,schinn8y@storify.com,Male
324,Sandor,Glennard,sglennard8z@huffingtonpost.com,Male
325,Bridie,Semechik,bsemechik90@salon.com,Female
326,Rafferty,Pennigar,rpennigar91@e-recht24.de,Male
327,Reagan,Gheeorghie,rgheeorghie92@eepurl.com,Male
328,Merwyn,Vittle,mvittle93@discuz.net,Male
329,Reese,Saul,rsaul94@wufoo.com,Male
330,Ulrich,Towlson,utowlson95@shinystat.com,Male
331,Carlee,Suarez,csuarez96@livejournal.com,Female
332,Roanne,Emmatt,remmatt97@jigsy.com,Female
333,Hammad,Mateo,hmateo98@dropbox.com,Male
334,Anabella,Filyakov,afilyakov99@latimes.com,Female
335,Marlyn,Pinniger,mpinniger9a@dropbox.com,Female
336,Jeramey,Davydzenko,jdavydzenko9b@dot.gov,Male
337,Nathanil,Van Hesteren,nvanhesteren9c@gnu.org,Male
338,Kliment,Belhome,kbelhome9d@yelp.com,Male
339,Yoko,Pavel,ypavel9e@wunderground.com,Female
340,Natal,Eschelle,neschelle9f@sogou.com,Male
341,Terri,Carnier,tcarnier9g@flavors.me,Female
342,Darnell,Boar,dboar9h@alibaba.com,Male
343,Gayler,Halms,ghalms9i@ovh.net,Male
344,Ardyce,Perrie,aperrie9j@topsy.com,Female
345,Florance,Chittem,fchittem9k@wordpress.com,Female
346,Madge,Cosgrave,mcosgrave9l@about.me,Female
347,Kenny,Mayte,kmayte9m@joomla.org,Male
348,Shermie,Antonat,santonat9n@infoseek.co.jp,Male
349,Hannis,Kynd,hkynd9o@amazon.de,Female
350,Hugo,Happert,hhappert9p@about.com,Male
351,Thalia,Oattes,toattes9q@networkadvertising.org,Female
352,Cristal,Rousby,crousby9r@mayoclinic.com,Female
353,Paquito,Rowlatt,prowlatt9s@blog.com,Male
354,Ario,Cocher,acocher9t@technorati.com,Male
355,Joli,Demare,jdemare9u@fda.gov,Female
356,Camellia,Hardwicke,chardwicke9v@si.edu,Female
357,Moss,Markussen,mmarkussen9w@technorati.com,Male
358,Conant,Navarro,cnavarro9x@tumblr.com,Male
359,Archie,Noakes,anoakes9y@theguardian.com,Male
360,Julie,Prendergrast,jprendergrast9z@tinypic.com,Male
361,Wynnie,Whipple,wwhipplea0@latimes.com,Female
362,Alida,Guy,aguya1@issuu.com,Female
363,Gilberta,Quest,gquesta2@wp.com,Female
364,Darren,Birtonshaw,dbirtonshawa3@ted.com,Male
365,Maxine,Crose,mcrosea4@scribd.com,Female
366,Kenneth,Crutchley,kcrutchleya5@theatlantic.com,Male
367,Kiley,Deyenhardt,kdeyenhardta6@house.gov,Male
368,Elmer,Kliemann,ekliemanna7@lycos.com,Male
369,Aeriel,Donaher,adonahera8@springer.com,Female
370,Drucie,Ebbles,debblesa9@last.fm,Female
371,Holt,Dybell,hdybellaa@yahoo.com,Male
372,Alta,Gabe,agabeab@scribd.com,Female
373,Ingunna,Perkinson,iperkinsonac@trellian.com,Female
374,Evey,Finnis,efinnisad@icio.us,Female
375,Kurt,Kenningley,kkenningleyae@usnews.com,Male
376,Kimbra,McGuggy,kmcguggyaf@examiner.com,Female
377,Riley,Cave,rcaveag@posterous.com,Male
378,Ester,Kernar,ekernarah@google.com,Female
379,Olive,Scourge,oscourgeai@springer.com,Female
380,Kaiser,Passler,kpassleraj@ed.gov,Male
381,Giffer,Beach,gbeachak@google.es,Male
382,Philipa,Rawll,prawllal@pinterest.com,Female
383,Rorie,Bidnall,rbidnallam@jalbum.net,Female
384,Sauveur,Hickenbottom,shickenbottoman@mediafire.com,Male
385,Steffane,Camocke,scamockeao@who.int,Female
386,Mylo,Sumsion,msumsionap@nbcnews.com,Male
387,Phyllys,Hugonet,phugonetaq@moonfruit.com,Female
388,Jania,Moodie,jmoodiear@skyrock.com,Female
389,Marline,Huetson,mhuetsonas@booking.com,Female
390,Arch,Yakebovich,ayakebovichat@berkeley.edu,Male
391,Fay,Marielle,fmarielleau@skype.com,Female
392,Suzanna,Begin,sbeginav@google.fr,Female
393,Babs,Pruckner,bpruckneraw@samsung.com,Female
394,Hagan,Batt,hbattax@mysql.com,Male
395,Arvin,Girodon,agirodonay@aboutads.info,Male
396,Amargo,Dominik,adominikaz@webnode.com,Female
397,Vinni,Osbidston,vosbidstonb0@wordpress.com,Female
398,Derrek,Maria,dmariab1@cornell.edu,Male
399,Hillier,Glenny,hglennyb2@wikispaces.com,Male
400,Drud,Meneely,dmeneelyb3@google.com.hk,Male
401,Traci,Corselles,tcorsellesb4@gravatar.com,Female
402,Leigh,Dennerley,ldennerleyb5@japanpost.jp,Male
403,Georgeta,Le Gassick,glegassickb6@reference.com,Female
404,Sauncho,Bebbell,sbebbellb7@tamu.edu,Male
405,Claudette,Nickell,cnickellb8@mozilla.org,Female
406,Thebault,Radford,tradfordb9@engadget.com,Male
407,Esmaria,Hows,ehowsba@wikia.com,Female
408,Giselle,Beneze,gbenezebb@howstuffworks.com,Female
409,Madelene,Lynnitt,mlynnittbc@etsy.com,Female
410,Taite,York,tyorkbd@addthis.com,Male
411,Aldis,Josephsen,ajosephsenbe@ifeng.com,Male
412,Pepe,Stanett,pstanettbf@cdbaby.com,Male
413,Abbi,Rembrant,arembrantbg@issuu.com,Female
414,Caroljean,Tummasutti,ctummasuttibh@msu.edu,Female
415,Elia,Grane,egranebi@who.int,Male
416,Lesya,Adame,ladamebj@instagram.com,Female
417,Janaye,Gonin,jgoninbk@chicagotribune.com,Female
418,Erin,Foresight,eforesightbl@nhs.uk,Female
419,Abie,Gebhardt,agebhardtbm@examiner.com,Male
420,Fairfax,Trobey,ftrobeybn@storify.com,Male
421,Benedikta,McKeighan,bmckeighanbo@cafepress.com,Female
422,Mayne,McGuiney,mmcguineybp@usa.gov,Male
423,Gilbertina,Hadland,ghadlandbq@scribd.com,Female
424,Hermann,Pancast,hpancastbr@domainmarket.com,Male
425,Des,Cathrall,dcathrallbs@cisco.com,Male
426,Davis,Howsego,dhowsegobt@imgur.com,Male
427,Elianore,Bartolomeo,ebartolomeobu@themeforest.net,Female
428,Kenneth,Parken,kparkenbv@yelp.com,Male
429,Garreth,Halliday,ghallidaybw@issuu.com,Male
430,Caye,Lindwasser,clindwasserbx@disqus.com,Female
431,Gawen,Olivas,golivasby@bloglovin.com,Male
432,Quint,Tregaskis,qtregaskisbz@chronoengine.com,Male
433,Giraldo,Toplis,gtoplisc0@pagesperso-orange.fr,Male
434,Theodore,McClure,tmcclurec1@archive.org,Male
435,Kristien,Scottini,kscottinic2@surveymonkey.com,Female
436,Jordan,Maybey,jmaybeyc3@abc.net.au,Female
437,Phedra,Yitzovitz,pyitzovitzc4@wiley.com,Female
438,Rutter,Nestle,rnestlec5@bravesites.com,Male
439,Camala,Montes,cmontesc6@example.com,Female
440,Rolf,Hansell,rhansellc7@lycos.com,Male
441,Tamara,Michele,tmichelec8@macromedia.com,Female
442,Avrit,Martynov,amartynovc9@china.com.cn,Female
443,Izak,Fairley,ifairleyca@amazon.de,Male
444,Cissy,Biaggi,cbiaggicb@cpanel.net,Female
445,Tad,Hurne,thurnecc@jugem.jp,Male
446,Sarette,Hanley,shanleycd@usa.gov,Female
447,Constantine,Partington,cpartingtonce@devhub.com,Female
448,Hoyt,MacDiarmid,hmacdiarmidcf@intel.com,Male
449,Chet,Deary,cdearycg@twitpic.com,Male
450,Cassondra,Geyton,cgeytonch@twitpic.com,Female
451,Britte,Lohoar,blohoarci@irs.gov,Female
452,Rudolf,Prestwich,rprestwichcj@youtu.be,Male
453,Amble,Wohlers,awohlersck@joomla.org,Male
454,Ricky,Leeb,rleebcl@usatoday.com,Female
455,Hadrian,MacCosto,hmaccostocm@google.com.br,Male
456,Tris,Shout,tshoutcn@msn.com,Male
457,Hilton,McCallion,hmccallionco@virginia.edu,Male
458,Davide,Bloxland,dbloxlandcp@businessweek.com,Male
459,Rosanne,Milbourn,rmilbourncq@blinklist.com,Female
460,Wallis,Dallemore,wdallemorecr@wordpress.org,Female
461,Agustin,Lardier,alardiercs@intel.com,Male
462,Templeton,Sackler,tsacklerct@nasa.gov,Male
463,Millie,Rabb,mrabbcu@army.mil,Female
464,Joseph,Romanetti,jromanetticv@foxnews.com,Male
465,Langsdon,Ord,lordcw@sitemeter.com,Male
466,Dominique,Willers,dwillerscx@foxnews.com,Female
467,Duky,Pinnick,dpinnickcy@cocolog-nifty.com,Male
468,Quinlan,Cudbird,qcudbirdcz@skype.com,Male
469,Vasili,Dorbin,vdorbind0@disqus.com,Male
470,Vin,Early,vearlyd1@nasa.gov,Male
471,Moises,Piscopello,mpiscopellod2@deliciousdays.com,Male
472,Chrissy,Kohring,ckohringd3@drupal.org,Female
473,Abe,Jeandot,ajeandotd4@skyrock.com,Male
474,Trixi,Spyby,tspybyd5@digg.com,Female
475,Bev,Sawell,bsawelld6@elegantthemes.com,Male
476,Gladi,Skiplorne,gskiplorned7@reverbnation.com,Female
477,Ransom,Pratley,rpratleyd8@tripadvisor.com,Male
478,Muffin,Fost,mfostd9@mac.com,Male
479,Arda,McVicker,amcvickerda@google.com.au,Female
480,Hale,Tee,hteedb@toplist.cz,Male
481,Sigfrid,Lynskey,slynskeydc@ocn.ne.jp,Male
482,Loralyn,Heintsch,lheintschdd@comsenz.com,Female
483,Alfonse,Hegel,ahegelde@webeden.co.uk,Male
484,Rachele,Berthomieu,rberthomieudf@imdb.com,Female
485,Simone,Cornelleau,scornelleaudg@cbc.ca,Male
486,Sasha,Losemann,slosemanndh@yolasite.com,Female
487,Layne,Iacivelli,liacivellidi@huffingtonpost.com,Female
488,Zerk,Witul,zwituldj@jalbum.net,Male
489,Sydney,Madeley,smadeleydk@xinhuanet.com,Male
490,Gwyneth,Giottoi,ggiottoidl@go.com,Female
491,Jacobo,Foulds,jfouldsdm@slideshare.net,Male
492,Claudell,Bannard,cbannarddn@engadget.com,Male
493,Dotty,Calderon,dcalderondo@narod.ru,Female
494,Madel,Rider,mriderdp@epa.gov,Female
495,Fifine,Yakubov,fyakubovdq@photobucket.com,Female
496,Edie,Parvin,eparvindr@reference.com,Female
497,Mirabel,Purbrick,mpurbrickds@yandex.ru,Female
498,Eda,Kleinplatz,ekleinplatzdt@digg.com,Female
499,Janeen,Markson,jmarksondu@go.com,Female
500,Giffy,Alonso,galonsodv@php.net,Male
501,Maura,Maltster,mmaltsterdw@google.de,Female
502,Row,Bradock,rbradockdx@ask.com,Female
503,Phillis,Vine,pvinedy@toplist.cz,Female
504,Ruthe,McLanaghan,rmclanaghandz@lulu.com,Female
505,Maggee,Scotney,mscotneye0@goo.ne.jp,Female
506,Herculie,Gribbins,hgribbinse1@livejournal.com,Male
507,Keir,Everiss,keverisse2@github.com,Male
508,Rourke,Hackworthy,rhackworthye3@example.com,Male
509,Hank,Lethby,hlethbye4@usnews.com,Male
510,Danice,Priscott,dpriscotte5@shutterfly.com,Female
511,Rozalie,Dearsley,rdearsleye6@pcworld.com,Female
512,Humfrid,Simmen,hsimmene7@independent.co.uk,Male
513,Roscoe,Sisley,rsisleye8@weibo.com,Male
514,Livia,Jacketts,ljackettse9@java.com,Female
515,Nicholas,Silkston,nsilkstonea@dyndns.org,Male
516,Trevor,Lampett,tlampetteb@biblegateway.com,Male
517,Kaiser,McMichan,kmcmichanec@sciencedaily.com,Male
518,Drucy,Slyman,dslymaned@washingtonpost.com,Female
519,Gennie,Muffett,gmuffettee@over-blog.com,Female
520,Ulrikaumeko,Marian,umarianef@imageshack.us,Female
521,Bram,Boner,bbonereg@forbes.com,Male
522,Adara,Mainson,amainsoneh@photobucket.com,Female
523,Warde,Van den Velde,wvandenveldeei@live.com,Male
524,Maryanna,Houlaghan,mhoulaghanej@4shared.com,Female
525,Andrew,Fortnum,afortnumek@zdnet.com,Male
526,Clyde,Tortice,ctorticeel@ifeng.com,Male
527,Traci,MacAskill,tmacaskillem@ask.com,Female
528,Claribel,Yelland,cyellanden@reuters.com,Female
529,Nannette,Gland,nglandeo@whitehouse.gov,Female
530,Kelley,Zieme,kziemeep@discuz.net,Male
531,Isidor,Elcox,ielcoxeq@jimdo.com,Male
532,Joane,Worshall,jworshaller@merriam-webster.com,Female
533,Eleanora,Parkhouse,eparkhousees@princeton.edu,Female
534,Decca,Estoile,destoileet@ameblo.jp,Male
535,Elsa,Iacovacci,eiacovaccieu@mlb.com,Female
536,Evered,Raffan,eraffanev@businessinsider.com,Male
537,Mady,Wheatcroft,mwheatcroftew@dagondesign.com,Female
538,Tandi,Fulle,tfulleex@springer.com,Female
539,Thacher,Havick,thavickey@163.com,Male
540,Betty,Oleszkiewicz,boleszkiewiczez@princeton.edu,Female
541,Bron,Kunrad,bkunradf0@utexas.edu,Male
542,Magnum,Rhymes,mrhymesf1@cocolog-nifty.com,Male
543,Cole,O'Donovan,codonovanf2@dot.gov,Male
544,Morganica,Lesser,mlesserf3@wp.com,Female
545,Carol,Tompion,ctompionf4@aol.com,Female
546,Patricio,Pantin,ppantinf5@cdc.gov,Male
547,Ruben,Headland,rheadlandf6@example.com,Male
548,Humfried,Botterill,hbotterillf7@zdnet.com,Male
549,Kingsley,Crossingham,kcrossinghamf8@ihg.com,Male
550,Lorianna,Trangmar,ltrangmarf9@hhs.gov,Female
551,Giavani,Morsom,gmorsomfa@posterous.com,Male
552,Caron,Skaife d'Ingerthorpe,cskaifedingerthorpefb@home.pl,Female
553,Monty,Plewes,mplewesfc@columbia.edu,Male
554,Waly,Neem,wneemfd@com.com,Female
555,Chickie,Hugill,chugillfe@hhs.gov,Female
556,Em,Spender,espenderff@ning.com,Male
557,Rowland,Feldhuhn,rfeldhuhnfg@noaa.gov,Male
558,Sisile,Charteris,scharterisfh@github.io,Female
559,Georgena,Lambswood,glambswoodfi@nhs.uk,Female
560,Austen,Haill,ahaillfj@who.int,Male
561,Julietta,Grayson,jgraysonfk@netlog.com,Female
562,Lucian,Underdown,lunderdownfl@latimes.com,Male
563,Cirilo,De Beauchamp,cdebeauchampfm@bbb.org,Male
564,Damon,Drayn,ddraynfn@biglobe.ne.jp,Male
565,Jenna,Maffioletti,jmaffiolettifo@bbc.co.uk,Female
566,Omar,Skirvin,oskirvinfp@flickr.com,Male
567,Audrey,Jeduch,ajeduchfq@macromedia.com,Female
568,Collie,Beardsdale,cbeardsdalefr@so-net.ne.jp,Female
569,Domini,Yanyushkin,dyanyushkinfs@irs.gov,Female
570,Juana,Batrip,jbatripft@dmoz.org,Female
571,Rog,Ayers,rayersfu@lycos.com,Male
572,Gardie,Bolsover,gbolsoverfv@princeton.edu,Male
573,Beaufort,Hamshar,bhamsharfw@mediafire.com,Male
574,Ethelin,Edinburgh,eedinburghfx@army.mil,Female
575,Gordie,Sclanders,gsclandersfy@ocn.ne.jp,Male
576,Caddric,Hawes,chawesfz@mtv.com,Male
577,Chet,Noades,cnoadesg0@zdnet.com,Male
578,Chris,Hollingsbee,chollingsbeeg1@un.org,Female
579,Leonie,Purcell,lpurcellg2@hexun.com,Female
580,Andeee,Cowthard,acowthardg3@oakley.com,Female
581,Happy,Enrrico,henrricog4@cargocollective.com,Female
582,Anselma,Cristofor,acristoforg5@fc2.com,Female
583,Zola,McCarry,zmccarryg6@hibu.com,Female
584,Morgen,Dassindale,mdassindaleg7@aboutads.info,Male
585,Idelle,Bleesing,ibleesingg8@wikia.com,Female
586,Danyelle,Saice,dsaiceg9@sina.com.cn,Female
587,Sybille,Lauritzen,slauritzenga@php.net,Female
588,Marcus,Hestrop,mhestropgb@smugmug.com,Male
589,Valery,Pennaman,vpennamangc@washingtonpost.com,Female
590,Saleem,Grasner,sgrasnergd@dmoz.org,Male
591,Arri,Dymocke,adymockege@t.co,Male
592,Ruddie,Fillingham,rfillinghamgf@cam.ac.uk,Male
593,Arther,Sarfat,asarfatgg@plala.or.jp,Male
594,Gordie,McGilbon,gmcgilbongh@imgur.com,Male
595,Zacharia,Hagan,zhagangi@nba.com,Male
596,Bendite,Championnet,bchampionnetgj@google.cn,Female
597,Corrina,Hayhow,chayhowgk@bravesites.com,Female
598,Manda,Hartnell,mhartnellgl@people.com.cn,Female
599,Brittney,Spurr,bspurrgm@comcast.net,Female
600,Cammie,Knagges,cknaggesgn@si.edu,Female
601,Quillan,Hardacre,qhardacrego@cafepress.com,Male
602,Mei,Amery,mamerygp@sogou.com,Female
603,Jamaal,Bamforth,jbamforthgq@webeden.co.uk,Male
604,Andrey,Sabbins,asabbinsgr@delicious.com,Male
605,Fernande,Rhelton,frheltongs@independent.co.uk,Female
606,Gasper,Gulleford,ggullefordgt@vistaprint.com,Male
607,Janot,Peart,jpeartgu@ucla.edu,Female
608,Skyler,Dollard,sdollardgv@marriott.com,Male
609,Husain,Pearman,hpearmangw@google.pl,Male
610,Blinni,Ballefant,bballefantgx@phpbb.com,Female
611,Grady,Borrie,gborriegy@berkeley.edu,Male
612,Dion,Roles,drolesgz@ed.gov,Male
613,Gilles,Garthside,ggarthsideh0@geocities.jp,Male
614,Sioux,Masurel,smasurelh1@bizjournals.com,Female
615,Artemas,Golden of Ireland,agoldenofirelandh2@globo.com,Male
616,Lizette,Grahl,lgrahlh3@mysql.com,Female
617,Wynnie,Roper,wroperh4@huffingtonpost.com,Female
618,Gal,Keeling,gkeelingh5@indiegogo.com,Male
619,Norry,Heaney,nheaneyh6@ycombinator.com,Male
620,Moshe,Brownett,mbrownetth7@ameblo.jp,Male
621,Ike,Soppitt,isoppitth8@admin.ch,Male
622,Griz,Kilgallon,gkilgallonh9@cpanel.net,Male
623,Gerek,Martinson,gmartinsonha@examiner.com,Male
624,Stormie,Bedburrow,sbedburrowhb@deliciousdays.com,Female
625,Evered,Dumbare,edumbarehc@acquirethisname.com,Male
626,Georgie,Bettleson,gbettlesonhd@godaddy.com,Male
627,Andi,Lisciardelli,alisciardellihe@163.com,Female
628,Sawyer,Snyder,ssnyderhf@irs.gov,Male
629,Hyman,Henaughan,hhenaughanhg@smugmug.com,Male
630,Barth,Durrand,bdurrandhh@1688.com,Male
631,Audrie,Hamshaw,ahamshawhi@ifeng.com,Female
632,Haskel,Petruszka,hpetruszkahj@gnu.org,Male
633,Lisle,Piggrem,lpiggremhk@phoca.cz,Male
634,Lynette,Hewes,lheweshl@surveymonkey.com,Female
635,Emmott,Kinnin,ekinninhm@symantec.com,Male
636,Marigold,Tilston,mtilstonhn@oakley.com,Female
637,Allene,Casebourne,acasebourneho@intel.com,Female
638,Olly,Wawer,owawerhp@youku.com,Male
639,Clarette,Darben,cdarbenhq@webs.com,Female
640,Violette,Braunter,vbraunterhr@yolasite.com,Female
641,Fair,Ivanyushin,fivanyushinhs@hubpages.com,Male
642,Faun,Tarte,ftarteht@va.gov,Female
643,Price,Joliffe,pjoliffehu@prnewswire.com,Male
644,Carlina,Hrynczyk,chrynczykhv@washingtonpost.com,Female
645,Mischa,Dewdney,mdewdneyhw@cargocollective.com,Male
646,Jonell,Huguet,jhuguethx@macromedia.com,Female
647,Wallis,Salmon,wsalmonhy@newyorker.com,Female
648,Harry,Le Blond,hleblondhz@netvibes.com,Male
649,Constanta,Cornelleau,ccornelleaui0@cdc.gov,Female
650,Alanna,Drust,adrusti1@wix.com,Female
651,Rosanna,Ragborne,rragbornei2@nymag.com,Female
652,Marty,Gianni,mgiannii3@marketwatch.com,Female
653,Ruby,Filgate,rfilgatei4@123-reg.co.uk,Female
654,Tressa,Botterell,tbotterelli5@biblegateway.com,Female
655,Charlot,Ransbury,cransburyi6@flavors.me,Female
656,Zaneta,Lamble,zlamblei7@creativecommons.org,Female
657,Iggy,Meriguet,imerigueti8@si.edu,Male
658,Elita,Weaving,eweavingi9@g.co,Female
659,Ivette,Camplin,icamplinia@e-recht24.de,Female
660,Lenora,Woollhead,lwoollheadib@google.ca,Female
661,Culley,Caslett,ccaslettic@spotify.com,Male
662,Matti,Gravatt,mgravattid@desdev.cn,Female
663,Selinda,Verbrugghen,sverbrugghenie@chronoengine.com,Female
664,Terry,Roffe,troffeif@patch.com,Female
665,Yoshi,Dodd,ydoddig@parallels.com,Female
666,Dion,Veitch,dveitchih@jugem.jp,Male
667,Gwenore,McKelvey,gmckelveyii@cdc.gov,Female
668,Frazier,Bilborough,fbilboroughij@furl.net,Male
669,Yolande,Yarrall,yyarrallik@hibu.com,Female
670,Adolf,Tellenbrook,atellenbrookil@tinypic.com,Male
671,Berry,Bolzmann,bbolzmannim@google.fr,Female
672,Othilia,Alner,oalnerin@eventbrite.com,Female
673,Trumaine,Walsham,twalshamio@epa.gov,Male
674,Corny,Meaders,cmeadersip@pinterest.com,Female
675,Dunn,McIlwrath,dmcilwrathiq@prweb.com,Male
676,Adiana,Hayhoe,ahayhoeir@altervista.org,Female
677,Saundra,Kidde,skiddeis@liveinternet.ru,Female
678,Laurie,Hearst,lhearstit@amazon.co.jp,Male
679,Steffie,Rice,sriceiu@google.com.au,Female
680,Emmy,Duncanson,eduncansoniv@slideshare.net,Female
681,Grover,Briztman,gbriztmaniw@digg.com,Male
682,Eugenia,Friday,efridayix@google.com.hk,Female
683,Dewie,Cowthard,dcowthardiy@hhs.gov,Male
684,Maurits,Penhaligon,mpenhaligoniz@icq.com,Male
685,Timi,Andreichik,tandreichikj0@booking.com,Female
686,Windham,Spire,wspirej1@huffingtonpost.com,Male
687,Zak,Thomason,zthomasonj2@usgs.gov,Male
688,Benedikta,Crocetto,bcrocettoj3@cbsnews.com,Female
689,Frank,Warland,fwarlandj4@europa.eu,Female
690,Luisa,Flippelli,lflippellij5@biglobe.ne.jp,Female
691,Sigismund,Crome,scromej6@ebay.com,Male
692,Bard,Angric,bangricj7@barnesandnoble.com,Male
693,Rufe,Zamorrano,rzamorranoj8@yahoo.co.jp,Male
694,Krista,Ivison,kivisonj9@vimeo.com,Female
695,Ardenia,Maestro,amaestroja@patch.com,Female
696,Lavinia,Brinson,lbrinsonjb@patch.com,Female
697,Tracy,Dudek,tdudekjc@aboutads.info,Male
698,Alvinia,Milton,amiltonjd@oakley.com,Female
699,Elaine,Andrez,eandrezje@livejournal.com,Female
700,Andonis,Dowling,adowlingjf@chicagotribune.com,Male
701,Cortie,Tout,ctoutjg@cbc.ca,Male
702,Delphinia,Credland,dcredlandjh@dmoz.org,Female
703,Paula,Rodrigo,prodrigoji@so-net.ne.jp,Female
704,Minny,Eede,meedejj@blog.com,Female
705,Shela,Wimms,swimmsjk@drupal.org,Female
706,Pryce,Cosson,pcossonjl@oakley.com,Male
707,Shina,Inchboard,sinchboardjm@cbslocal.com,Female
708,Lorenzo,Sollon,lsollonjn@netlog.com,Male
709,Tallia,Grimsdith,tgrimsdithjo@jugem.jp,Female
710,Mirelle,Thuillier,mthuillierjp@t-online.de,Female
711,Modesty,Eynon,meynonjq@symantec.com,Female
712,Ernesto,Kyme,ekymejr@mit.edu,Male
713,Janeva,Guidera,jguiderajs@sogou.com,Female
714,Anna-diane,Turland,aturlandjt@rakuten.co.jp,Female
715,Ofella,Vance,ovanceju@zimbio.com,Female
716,Lyn,Bacchus,lbacchusjv@cnet.com,Male
717,Iolanthe,Inglesfield,iinglesfieldjw@unesco.org,Female
718,Michal,Watling,mwatlingjx@marriott.com,Male
719,Paige,Fear,pfearjy@tamu.edu,Female
720,Law,Muggleton,lmuggletonjz@ftc.gov,Male
721,Zorine,Dadd,zdaddk0@xinhuanet.com,Female
722,Helaine,Scothorne,hscothornek1@stanford.edu,Female
723,Rorie,Summons,rsummonsk2@twitpic.com,Female
724,Jacinda,Mussettini,jmussettinik3@instagram.com,Female
725,Catherin,Iddenden,ciddendenk4@ycombinator.com,Female
726,Burch,Molan,bmolank5@wikia.com,Male
727,Jeff,Peile,jpeilek6@indiatimes.com,Male
728,Inger,Dahmel,idahmelk7@cdc.gov,Male
729,Barnebas,Letham,blethamk8@ft.com,Male
730,Melitta,Robilliard,mrobilliardk9@canalblog.com,Female
731,Hildegarde,Akister,hakisterka@ifeng.com,Female
732,Aili,Treuge,atreugekb@posterous.com,Female
733,Melly,Meekin,mmeekinkc@cdbaby.com,Female
734,Elvera,Erwin,eerwinkd@yolasite.com,Female
735,Frank,Curzey,fcurzeyke@amazon.com,Male
736,Dorry,Trace,dtracekf@independent.co.uk,Female
737,Roby,Waddie,rwaddiekg@ustream.tv,Female
738,Rabi,Hedger,rhedgerkh@home.pl,Male
739,Robinet,Wasling,rwaslingki@forbes.com,Male
740,Yanaton,Albury,yalburykj@usnews.com,Male
741,Latisha,Hollidge,lhollidgekk@networksolutions.com,Female
742,Romola,Normanvill,rnormanvillkl@pinterest.com,Female
743,Edwina,Caukill,ecaukillkm@lycos.com,Female
744,Kale,Pullinger,kpullingerkn@msn.com,Male
745,Pen,Guilayn,pguilaynko@webmd.com,Female
746,Merry,Milbourne,mmilbournekp@who.int,Female
747,Beltran,Drakes,bdrakeskq@blogspot.com,Male
748,Aile,Imloch,aimlochkr@cbc.ca,Female
749,Adelheid,Dennert,adennertks@timesonline.co.uk,Female
750,Kristopher,Anderbrugge,kanderbruggekt@auda.org.au,Male
751,Eziechiele,Rayhill,erayhillku@slate.com,Male
752,Jaymie,Zannetti,jzannettikv@chron.com,Male
753,Rodolfo,Kadwallider,rkadwalliderkw@wufoo.com,Male
754,Dody,Turrell,dturrellkx@dropbox.com,Female
755,Allard,Tarply,atarplyky@smugmug.com,Male
756,Elvis,Caren,ecarenkz@addthis.com,Male
757,Caria,McCluskey,cmccluskeyl0@google.co.jp,Female
758,Sherwood,Lomasney,slomasneyl1@google.ca,Male
759,Ann,Cregg,acreggl2@whitehouse.gov,Female
760,Davidde,Dy,ddyl3@ebay.co.uk,Male
761,Toddie,Rummings,trummingsl4@comcast.net,Male
762,Eliot,Guerro,eguerrol5@answers.com,Male
763,Puff,Morando,pmorandol6@com.com,Male
764,Delphine,Sancto,dsanctol7@blog.com,Female
765,Boothe,Guidi,bguidil8@harvard.edu,Male
766,Kaitlynn,Janecek,kjanecekl9@ft.com,Female
767,Konrad,Gheeraert,kgheeraertla@infoseek.co.jp,Male
768,Tiphany,Mashro,tmashrolb@ox.ac.uk,Female
769,Lothaire,Cannings,lcanningslc@technorati.com,Male
770,Torin,Bramwell,tbramwellld@craigslist.org,Male
771,Dewie,Wimlett,dwimlettle@51.la,Male
772,Mohandas,Fosdike,mfosdikelf@cbc.ca,Male
773,Bruis,Beine,bbeinelg@instagram.com,Male
774,Serene,Balle,sballelh@usa.gov,Female
775,Philly,Toulch,ptoulchli@photobucket.com,Female
776,Sharai,Black,sblacklj@biblegateway.com,Female
777,Happy,Fellis,hfellislk@sun.com,Female
778,Leora,Artinstall,lartinstallll@lycos.com,Female
779,Odilia,Raiston,oraistonlm@upenn.edu,Female
780,Claiborn,Stephens,cstephensln@pen.io,Male
781,Enoch,Stonestreet,estonestreetlo@yale.edu,Male
782,Packston,Lotwich,plotwichlp@smugmug.com,Male
783,Gavra,Crampton,gcramptonlq@thetimes.co.uk,Female
784,Alwin,Crebott,acrebottlr@ibm.com,Male
785,Woodie,Aldiss,waldissls@census.gov,Male
786,Moll,Urry,murrylt@zimbio.com,Female
787,Lauralee,Crossthwaite,lcrossthwaitelu@linkedin.com,Female
788,Vernen,Mulqueeny,vmulqueenylv@epa.gov,Male
789,Valentijn,Leith,vleithlw@last.fm,Male
790,Hernando,Bastin,hbastinlx@canalblog.com,Male
791,Fara,Trenaman,ftrenamanly@usa.gov,Female
792,Mendel,Cranage,mcranagelz@pinterest.com,Male
793,Blinnie,Befroy,bbefroym0@phpbb.com,Female
794,Heather,Sarath,hsarathm1@google.com,Female
795,Guillemette,Cruess,gcruessm2@xing.com,Female
796,Lawton,Ilott,lilottm3@samsung.com,Male
797,Abeu,Leavold,aleavoldm4@so-net.ne.jp,Male
798,Antoinette,Tuffey,atuffeym5@comsenz.com,Female
799,Juieta,Tawse,jtawsem6@cdbaby.com,Female
800,Cissiee,Hassur,chassurm7@businesswire.com,Female
801,Ban,Gabbot,bgabbotm8@smh.com.au,Male
802,Clemmie,Purviss,cpurvissm9@amazon.co.jp,Female
803,Anthe,Rediers,arediersma@typepad.com,Female
804,Julie,Abrahamsohn,jabrahamsohnmb@blog.com,Male
805,Marion,Bernollet,mbernolletmc@livejournal.com,Male
806,Haley,Jeannet,hjeannetmd@cisco.com,Female
807,Cyndia,Elsop,celsopme@slate.com,Female
808,Juan,Fielding,jfieldingmf@unc.edu,Male
809,Moshe,Strank,mstrankmg@tmall.com,Male
810,Bebe,Fredi,bfredimh@icio.us,Female
811,Christiane,Imlen,cimlenmi@newsvine.com,Female
812,Maisie,Brome,mbromemj@theguardian.com,Female
813,Margeaux,Amey,mameymk@rambler.ru,Female
814,Westbrooke,Tabbitt,wtabbittml@tmall.com,Male
815,Kylen,Tarrier,ktarriermm@jimdo.com,Female
816,Clarinda,Fish,cfishmn@sun.com,Female
817,Tarra,Grelak,tgrelakmo@bing.com,Female
818,Rosabella,Bastock,rbastockmp@canalblog.com,Female
819,Gratiana,Meachem,gmeachemmq@illinois.edu,Female
820,Lewie,Hazelhurst,lhazelhurstmr@squidoo.com,Male
821,Bayard,Zieme,bziemems@jalbum.net,Male
822,Rhetta,Jelf,rjelfmt@ovh.net,Female
823,Reinaldo,Yateman,ryatemanmu@deviantart.com,Male
824,Shoshana,Birckmann,sbirckmannmv@google.co.jp,Female
825,Gene,Martins,gmartinsmw@blogtalkradio.com,Female
826,Gerick,McRill,gmcrillmx@dedecms.com,Male
827,Zack,Delhay,zdelhaymy@businesswire.com,Male
828,Barry,Chavez,bchavezmz@wikispaces.com,Male
829,Marla,Lenthall,mlenthalln0@topsy.com,Female
830,Alta,Leyton,aleytonn1@istockphoto.com,Female
831,Karol,Dennehy,kdennehyn2@amazon.co.uk,Female
832,Nicol,McFee,nmcfeen3@yelp.com,Male
833,Rozalin,Elvy,relvyn4@homestead.com,Female
834,Tyne,Moylan,tmoylann5@chron.com,Female
835,Kellie,Kitcatt,kkitcattn6@wufoo.com,Female
836,Lowe,Sleford,lslefordn7@webeden.co.uk,Male
837,Merci,Brunsden,mbrunsdenn8@weebly.com,Female
838,Lilia,Cassely,lcasselyn9@microsoft.com,Female
839,Courtney,O'Hallihane,cohallihanena@dropbox.com,Male
840,Storm,Schruyers,sschruyersnb@netlog.com,Female
841,Mortie,Bollam,mbollamnc@mac.com,Male
842,Crysta,Woloschinski,cwoloschinskind@ask.com,Female
843,Zed,Render,zrenderne@deviantart.com,Male
844,Patin,Klass,pklassnf@buzzfeed.com,Male
845,Natalya,Morrish,nmorrishng@sitemeter.com,Female
846,Catherina,Wickie,cwickienh@nytimes.com,Female
847,George,Lempel,glempelni@netvibes.com,Female
848,Corny,Geyton,cgeytonnj@naver.com,Male
849,Micah,Whitehorne,mwhitehornenk@archive.org,Male
850,Legra,Durtnal,ldurtnalnl@cmu.edu,Female
851,Terza,Capstaff,tcapstaffnm@list-manage.com,Female
852,Eyde,Wands,ewandsnn@clickbank.net,Female
853,Sheffy,Thomazet,sthomazetno@buzzfeed.com,Male
854,Abe,Boyne,aboynenp@microsoft.com,Male
855,Anallise,Dunklee,adunkleenq@cargocollective.com,Female
856,Hayyim,Mennithorp,hmennithorpnr@mit.edu,Male
857,Starr,Gisbourn,sgisbournns@networkadvertising.org,Female
858,Perri,Bucher,pbuchernt@businesswire.com,Female
859,Kiri,Pickersgill,kpickersgillnu@trellian.com,Female
860,Matt,Francesconi,mfrancesconinv@is.gd,Male
861,Briana,Riteley,briteleynw@hao123.com,Female
862,Jaimie,Sivewright,jsivewrightnx@51.la,Female
863,Boote,Lodo,blodony@toplist.cz,Male
864,Jeremy,McConville,jmcconvillenz@patch.com,Male
865,Archer,Olford,aolfordo0@lulu.com,Male
866,Belvia,Hollyard,bhollyardo1@chronoengine.com,Female
867,Nanice,Gregg,ngreggo2@storify.com,Female
868,Collette,McPhater,cmcphatero3@sogou.com,Female
869,Angeline,Eburah,aeburaho4@sbwire.com,Female
870,Cedric,Simmen,csimmeno5@samsung.com,Male
871,Stanford,Pudney,spudneyo6@loc.gov,Male
872,Cully,Cardew,ccardewo7@mapy.cz,Male
873,Den,Cypler,dcyplero8@fastcompany.com,Male
874,Stan,Alves,salveso9@ustream.tv,Male
875,Haskell,Riccardelli,hriccardellioa@yahoo.co.jp,Male
876,Martie,Arger,margerob@networksolutions.com,Male
877,Sharona,Sharram,ssharramoc@blog.com,Female
878,Olenka,Cavolini,ocavoliniod@intel.com,Female
879,Solly,Trewhitt,strewhittoe@nsw.gov.au,Male
880,Rolando,Mc Meekan,rmcmeekanof@blog.com,Male
881,Kevan,Pudding,kpuddingog@furl.net,Male
882,Ado,Filson,afilsonoh@blogs.com,Male
883,Linell,Beernt,lbeerntoi@chron.com,Female
884,Trudy,Yvon,tyvonoj@virginia.edu,Female
885,Kaitlyn,Gannicleff,kgannicleffok@auda.org.au,Female
886,Xena,Domke,xdomkeol@chicagotribune.com,Female
887,Blake,Clarycott,bclarycottom@shop-pro.jp,Female
888,Imogen,Gerriets,igerrietson@oaic.gov.au,Female
889,Cordey,Fellibrand,cfellibrandoo@senate.gov,Female
890,Gery,Spadelli,gspadelliop@reverbnation.com,Male
891,Sela,Gwilliams,sgwilliamsoq@bbc.co.uk,Female
892,Sigismondo,Duer,sdueror@gov.uk,Male
893,Ethelred,O'Dunneen,eodunneenos@opera.com,Male
894,Michail,Vertigan,mvertiganot@google.co.uk,Male
895,Viviyan,Boyack,vboyackou@posterous.com,Female
896,Sherman,Stormouth,sstormouthov@unesco.org,Male
897,Kayne,Awton,kawtonow@imdb.com,Male
898,Elijah,Labadini,elabadiniox@soup.io,Male
899,Rustie,Misson,rmissonoy@marriott.com,Male
900,Lorain,Downham,ldownhamoz@upenn.edu,Female
901,Willy,Minithorpe,wminithorpep0@goo.ne.jp,Female
902,Rudiger,Stanbra,rstanbrap1@princeton.edu,Male
903,Bryan,Exton,bextonp2@e-recht24.de,Male
904,Clementine,Burgwyn,cburgwynp3@youtu.be,Female
905,Homere,Jurgenson,hjurgensonp4@wp.com,Male
906,Valentijn,Karp,vkarpp5@indiatimes.com,Male
907,Catlaina,Cockrill,ccockrillp6@soundcloud.com,Female
908,Stacee,Rosenberger,srosenbergerp7@thetimes.co.uk,Male
909,Yard,Raunds,yraundsp8@weather.com,Male
910,Lebbie,Tidcombe,ltidcombep9@blog.com,Female
911,Rodd,Basketter,rbasketterpa@dion.ne.jp,Male
912,Faulkner,Spada,fspadapb@parallels.com,Male
913,Falkner,Kennicott,fkennicottpc@indiatimes.com,Male
914,Bail,Ligerton,bligertonpd@cisco.com,Male
915,Clim,Bazoge,cbazogepe@storify.com,Male
916,Guinevere,Clubley,gclubleypf@wikia.com,Female
917,Leta,Sarah,lsarahpg@merriam-webster.com,Female
918,Jana,Pittel,jpittelph@usgs.gov,Female
919,Aliza,Augar,aaugarpi@amazon.co.uk,Female
920,Eleanor,Gauch,egauchpj@netvibes.com,Female
921,Karel,Churches,kchurchespk@mozilla.com,Male
922,Baillie,Wardrope,bwardropepl@usda.gov,Male
923,Gordon,Goade,ggoadepm@fc2.com,Male
924,Carmina,Emm,cemmpn@ehow.com,Female
925,Erna,Cicconetti,ecicconettipo@prnewswire.com,Female
926,Jeanelle,Helm,jhelmpp@java.com,Female
927,Roscoe,Mattusov,rmattusovpq@tamu.edu,Male
928,Billye,Luchelli,bluchellipr@moonfruit.com,Female
929,Anne,Frantz,afrantzps@mtv.com,Female
930,Tristan,Wallage,twallagept@sphinn.com,Male
931,Gabriella,Mickan,gmickanpu@yahoo.co.jp,Female
932,Rhodie,Shirtcliffe,rshirtcliffepv@blogtalkradio.com,Female
933,Charley,Zaniolini,czaniolinipw@zdnet.com,Male
934,Thornie,St. Pierre,tstpierrepx@diigo.com,Male
935,Esme,Tripon,etriponpy@lulu.com,Male
936,Nata,Pringell,npringellpz@barnesandnoble.com,Female
937,Van,Matteau,vmatteauq0@umn.edu,Female
938,Carmita,Wreiford,cwreifordq1@topsy.com,Female
939,Cinnamon,Matteau,cmatteauq2@twitter.com,Female
940,Elia,Grieve,egrieveq3@google.ru,Male
941,Steve,Cherryman,scherrymanq4@squarespace.com,Male
942,Saunderson,Scotney,sscotneyq5@jugem.jp,Male
943,Frayda,Brydell,fbrydellq6@bbb.org,Female
944,Dewitt,Zettoi,dzettoiq7@about.com,Male
945,Adolphe,Hagwood,ahagwoodq8@indiatimes.com,Male
946,Samson,Girauld,sgirauldq9@fc2.com,Male
947,Anders,Whotton,awhottonqa@infoseek.co.jp,Male
948,Fletcher,Hallede,fhalledeqb@oakley.com,Male
949,Annice,Pavlenko,apavlenkoqc@amazon.de,Female
950,Reginald,Bassano,rbassanoqd@icio.us,Male
951,Brana,Simcock,bsimcockqe@theguardian.com,Female
952,Nellie,Pallatina,npallatinaqf@weibo.com,Female
953,Prudy,Colman,pcolmanqg@answers.com,Female
954,Kathye,Morley,kmorleyqh@deliciousdays.com,Female
955,Basile,Blackmoor,bblackmoorqi@cocolog-nifty.com,Male
956,Ranique,Birdfield,rbirdfieldqj@netvibes.com,Female
957,Kort,Joris,kjorisqk@paypal.com,Male
958,Heywood,Kirtland,hkirtlandql@barnesandnoble.com,Male
959,Washington,Zielinski,wzielinskiqm@chicagotribune.com,Male
960,Walden,Poulton,wpoultonqn@etsy.com,Male
961,Kelsey,Godin,kgodinqo@noaa.gov,Female
962,Erv,Cliff,ecliffqp@noaa.gov,Male
963,Bran,Aldington,baldingtonqq@latimes.com,Male
964,Conrad,Murkus,cmurkusqr@amazon.co.jp,Male
965,Sayres,MacTrustram,smactrustramqs@dion.ne.jp,Male
966,Spence,Janton,sjantonqt@lulu.com,Male
967,Eloisa,Cussons,ecussonsqu@arizona.edu,Female
968,Elayne,Fludder,efludderqv@ezinearticles.com,Female
969,Robbin,Flye,rflyeqw@wikipedia.org,Female
970,Wildon,Nurse,wnurseqx@phpbb.com,Male
971,Myrwyn,Swine,mswineqy@skype.com,Male
972,Leopold,Passfield,lpassfieldqz@topsy.com,Male
973,Jozef,Halburton,jhalburtonr0@usnews.com,Male
974,Brion,de Cullip,bdecullipr1@ovh.net,Male
975,Stephie,Amaya,samayar2@posterous.com,Female
976,Issy,Ostridge,iostridger3@google.ru,Female
977,Maurita,Dullaghan,mdullaghanr4@123-reg.co.uk,Female
978,Joelie,Weich,jweichr5@domainmarket.com,Female
979,Gerri,Kliner,gklinerr6@goodreads.com,Female
980,Arney,Osban,aosbanr7@nyu.edu,Male
981,Allyn,Proppers,aproppersr8@lulu.com,Female
982,Gloriane,Lansberry,glansberryr9@tinypic.com,Female
983,Alford,Collin,acollinra@techcrunch.com,Male
984,Ebenezer,Barltrop,ebarltroprb@mashable.com,Male
985,Putnem,Farrin,pfarrinrc@mapy.cz,Male
986,Ilario,Edy,iedyrd@scribd.com,Male
987,Hakim,Albers,halbersre@ftc.gov,Male
988,Siana,Germaine,sgermainerf@netvibes.com,Female
989,Hortensia,Canwell,hcanwellrg@netscape.com,Female
990,Irvin,Dyerson,idyersonrh@twitpic.com,Male
991,Aeriell,Sames,asamesri@symantec.com,Female
992,Freddie,Haisell,fhaisellrj@amazon.co.uk,Male
993,Adey,Woodroffe,awoodrofferk@census.gov,Female
994,Hamnet,Burhill,hburhillrl@sbwire.com,Male
995,Shell,Baldack,sbaldackrm@mit.edu,Male
996,Smitty,Camois,scamoisrn@goo.gl,Male
997,Alfy,Findlater,afindlaterro@tmall.com,Female
998,Kellby,Nodes,knodesrp@dmoz.org,Male
999,Claudia,Poplee,cpopleerq@meetup.com,Female
1000,Brynne,Veivers,bveiversrr@marriott.com,Female
